{"cameraMode":{"drawMode":0,"name":"Shaded","section":"Shading Mode"},"sceneLighting":false,"audioPlay":false,"sceneViewState":{"showFog":true,"showMaterialUpdate":false,"showSkybox":true,"showFlares":true,"showImageEffects":true,"showParticleSystems":true},"in2DMode":false,"pivot":{"x":-2.990633487701416,"y":-0.055427730083465579,"z":0.05624723434448242},"rotation":{"x":0.059315238147974017,"y":0.04041752964258194,"z":-0.0024035798851400615,"w":0.9974178671836853},"size":6.920140743255615,"orthographic":false}