{"cameraMode":{"drawMode":0,"name":"Shaded","section":"Shading Mode"},"sceneLighting":false,"audioPlay":false,"sceneViewState":{"showFog":true,"showMaterialUpdate":false,"showSkybox":true,"showFlares":true,"showImageEffects":true,"showParticleSystems":true},"in2DMode":false,"pivot":{"x":2.384185791015625e-7,"y":0.5,"z":-4.76837158203125e-7},"rotation":{"x":-0.1435103863477707,"y":-0.0020725950598716738,"z":-0.0003027701168321073,"w":0.9896466135978699},"size":11.431548118591309,"orthographic":false}