{"cameraMode":{"drawMode":0,"name":"Shaded","section":"Shading Mode"},"sceneLighting":false,"audioPlay":false,"sceneViewState":{"showFog":true,"showMaterialUpdate":false,"showSkybox":true,"showFlares":true,"showImageEffects":true,"showParticleSystems":true},"in2DMode":false,"pivot":{"x":0.0,"y":0.011660605669021607,"z":-1.0690315961837769},"rotation":{"x":-0.26279547810554507,"y":-0.4122372269630432,"z":0.1254921555519104,"w":-0.8632790446281433},"size":9.039495468139649,"orthographic":false}