{"cameraMode":{"drawMode":0,"name":"Shaded","section":"Shading Mode"},"sceneLighting":false,"audioPlay":false,"sceneViewState":{"showFog":true,"showMaterialUpdate":false,"showSkybox":true,"showFlares":true,"showImageEffects":true,"showParticleSystems":true},"in2DMode":false,"pivot":{"x":0.2815285325050354,"y":0.5847358107566834,"z":0.6665874123573303},"rotation":{"x":-0.0897303968667984,"y":0.3858257830142975,"z":0.037735529243946078,"w":0.9174219369888306},"size":0.16496902704238892,"orthographic":false}