{"cameraMode":{"drawMode":0,"name":"Shaded","section":"Shading Mode"},"sceneLighting":false,"audioPlay":false,"sceneViewState":{"showFog":true,"showMaterialUpdate":false,"showSkybox":true,"showFlares":true,"showImageEffects":true,"showParticleSystems":true},"in2DMode":false,"pivot":{"x":6.445858955383301,"y":0.019999999552965165,"z":2.6500000953674318},"rotation":{"x":0.07654155790805817,"y":0.6960387825965881,"z":-0.07504401355981827,"w":0.7099576592445374},"size":11.099239349365235,"orthographic":false}