{"cameraMode":{"drawMode":0,"name":"Shaded","section":"Shading Mode"},"sceneLighting":false,"audioPlay":false,"sceneViewState":{"showFog":true,"showMaterialUpdate":false,"showSkybox":true,"showFlares":true,"showImageEffects":true,"showParticleSystems":true},"in2DMode":false,"pivot":{"x":0.4679906964302063,"y":0.5848243236541748,"z":0.5012089610099793},"rotation":{"x":-0.07410967350006104,"y":-0.6162691712379456,"z":0.058413468301296237,"w":-0.7818618416786194},"size":0.4769061207771301,"orthographic":false}