{"cameraMode":{"drawMode":0,"name":"Shaded","section":"Shading Mode"},"sceneLighting":false,"audioPlay":false,"sceneViewState":{"showFog":true,"showMaterialUpdate":false,"showSkybox":true,"showFlares":true,"showImageEffects":true,"showParticleSystems":true},"in2DMode":false,"pivot":{"x":-0.02029624581336975,"y":0.15262547135353089,"z":-0.4256185293197632},"rotation":{"x":-0.07410967350006104,"y":-0.6162691712379456,"z":0.058413468301296237,"w":-0.7818618416786194},"size":2.8230936527252199,"orthographic":false}