{"cameraMode":{"drawMode":0,"name":"Shaded","section":"Shading Mode"},"sceneLighting":false,"audioPlay":false,"sceneViewState":{"showFog":true,"showMaterialUpdate":false,"showSkybox":true,"showFlares":true,"showImageEffects":true,"showParticleSystems":true},"in2DMode":false,"pivot":{"x":-0.07613658905029297,"y":0.6848039031028748,"z":0.24260278046131135},"rotation":{"x":-0.07410967350006104,"y":-0.6162691712379456,"z":0.058413468301296237,"w":-0.7818618416786194},"size":0.42309391498565676,"orthographic":false}