{"cameraMode":{"drawMode":0,"name":"Shaded","section":"Shading Mode"},"sceneLighting":false,"audioPlay":false,"sceneViewState":{"showFog":true,"showMaterialUpdate":false,"showSkybox":true,"showFlares":true,"showImageEffects":true,"showParticleSystems":true},"in2DMode":false,"pivot":{"x":1.7881393432617188e-7,"y":0.011660337448120118,"z":-1.0690319538116456},"rotation":{"x":0.22845526039600373,"y":-0.6897003650665283,"z":0.2455260455608368,"w":0.6417465209960938},"size":7.564823627471924,"orthographic":false}