{"cameraMode":{"drawMode":0,"name":"Shaded","section":"Shading Mode"},"sceneLighting":false,"audioPlay":false,"sceneViewState":{"showFog":true,"showMaterialUpdate":false,"showSkybox":true,"showFlares":true,"showImageEffects":true,"showParticleSystems":true},"in2DMode":false,"pivot":{"x":0.15664875507354737,"y":-0.39688050746917727,"z":-0.1997247338294983},"rotation":{"x":0.27237752079963686,"y":-0.08185858279466629,"z":0.023334000259637834,"w":0.958418071269989},"size":1.7203030586242676,"orthographic":false}