{"cameraMode":{"drawMode":0,"name":"Shaded","section":"Shading Mode"},"sceneLighting":false,"audioPlay":false,"sceneViewState":{"showFog":true,"showMaterialUpdate":false,"showSkybox":true,"showFlares":true,"showImageEffects":true,"showParticleSystems":true},"in2DMode":false,"pivot":{"x":-5.8853440284729,"y":-3.3385214805603029,"z":3.950092077255249},"rotation":{"x":0.21926259994506837,"y":-0.5765838623046875,"z":0.16423924267292024,"w":0.7697405815124512},"size":11.896852493286133,"orthographic":false}