{"cameraMode":{"drawMode":0,"name":"Shaded","section":"Shading Mode"},"sceneLighting":false,"audioPlay":false,"sceneViewState":{"showFog":true,"showMaterialUpdate":false,"showSkybox":true,"showFlares":true,"showImageEffects":true,"showParticleSystems":true},"in2DMode":false,"pivot":{"x":-8.045984268188477,"y":-7.176691055297852,"z":0.20623189210891725},"rotation":{"x":0.22845526039600373,"y":-0.6897003650665283,"z":0.2455260455608368,"w":0.6417465209960938},"size":14.889823913574219,"orthographic":false}